window_id	review_disposition	decision_role	other_transcript_decision	bicc_like_decision	manual_reviewer_basis	other_transcript_interpretation	bicc_like_interpretation	observed_difference_interpretation	relationship_status	rationale	reviewer	decided_utc	evidence_packet_sha256	other_transcript_hsp_reference_sha256	bicc_like_hsp_reference_sha256
BC-L400-1337-1736	ADVANCE_TO_SHORTLIST	PRIMARY_CANDIDATE_PROVISIONAL	APPROVED	APPROVED	HUMAN_ADJUDICATED_OUTSIDE_ALGORITHM	14 HSPs over 14 subject records, covered_nt 111, longest exact tract 17 nt, no exact 19-nt or 21-nt match. Against the other tier-0 window BC-L400-1614-2013 it has the smaller covered_nt and the shorter longest exact tract but MORE HSPs and subject records, so it is not described as a cleaner background on every metric.	One HSP against GITV01002238.1: longest exact 14 nt, covered_nt 369, best_local_identity about 0.76965, alignment length 369 with 3 gaps in the subject and 0 gaps in the query. This evidence already took part in the six-axis Pareto comparison and was not reapplied as a second filter; the independent audit of the detailed HSP found no new qualitative phenomenon that would justify a veto.	tier 0: the window intersects none of the 7 observed_sequence_differences. Read only as greater robustness to the two currently observed sequences; no threshold and no exclusion follow from it.	UNRESOLVED	ADVANCE as provisional primary: L400 NONDOMINATED, tier 0, no strong specificity concern in any reviewed scope. Among the two tier-0 windows it is the one whose recorded OTHER_TRANSCRIPT evidence has no exact 19-nt or 21-nt match and the shorter longest exact tract, which is a qualitative comparison between the two candidates and not a cutoff. The published benchmark was not used as a safety or acceptability limit.	Daniel Harley	2026-10-08T00:00:00Z	d1c9ea40ccc4b09083f2b107bac4188ab92a6a98dcb00375d92b5658aa2132fc	8d7108f7ed187704a49d7d5b997ff75036a9bed87854a367e6d849fa4d340b7a	0e6ec0804e6f136a4a6dd1cde3a5dbc8c852d1bc508b42cd75b6b066531fa7f5
BC-L400-1614-2013	HOLD	HOLD_FOR_BACKGROUND_INTERPRETABILITY	APPROVED	APPROVED	HUMAN_ADJUDICATED_OUTSIDE_ALGORITHM	12 HSPs over 12 subject records, covered_nt 154. Two perfect 23-nt HSPs exist, against GITV01039726.1 and GITV01051646.1; the subject records are distinct but their query intervals overlap by 2 nt, so they are not two independent events. The exact 19-mer and 21-mer counts 10 and 6 are DESCRIPTIVE_ONLY.	One HSP against GITV01002238.1: longest exact 18 nt, covered_nt 385, best_local_identity about 0.76104, alignment length 385 with 9 gaps in the subject and 0 gaps in the query. Already part of the Pareto comparison and not reapplied as a filter.	tier 0: the window intersects none of the 7 observed_sequence_differences. Read only as greater robustness to the two currently observed sequences; no threshold and no exclusion follow from it.	UNRESOLVED	HOLD for background interpretability: L400 NONDOMINATED and tier 0, with no strong specificity concern recorded and no EXCLUDE. The decision is qualitative over the whole set of recorded evidence, in which the two perfect 23-nt tracts sit; it is not derived from a tract-length rule, and 23 nt is not a cutoff. The biological relation of GITV01039726.1 and GITV01051646.1 to BicC is unresolved, which is why the window is held rather than resolved.	Daniel Harley	2026-10-08T00:00:00Z	d1c9ea40ccc4b09083f2b107bac4188ab92a6a98dcb00375d92b5658aa2132fc	8d7108f7ed187704a49d7d5b997ff75036a9bed87854a367e6d849fa4d340b7a	0e6ec0804e6f136a4a6dd1cde3a5dbc8c852d1bc508b42cd75b6b066531fa7f5
BC-L400-1195-1594	HOLD	RESERVE	APPROVED	APPROVED	HUMAN_ADJUDICATED_OUTSIDE_ALGORITHM	10 HSPs over 10 subject records, covered_nt 113, longest exact tract 17 nt, no exact 19-nt or 21-nt match. The recorded evidence is equivalent between the two windows of cell C0693 and more extensive than the recorded evidence of BC-L400-1253-1652 and BC-L400-1254-1653; extent of recorded evidence is a comparison between candidates, not a cutoff.	One HSP against GITV01002238.1: longest exact 17 nt, covered_nt 398, best_local_identity about 0.70507, alignment length 434, which exceeds covered_nt by the 36 gaps in the query. Already part of the Pareto comparison and not reapplied as a filter.	tier 1: the window intersects only the observed difference at CDS 1287. Lower counts are preferred without a threshold; this is robustness to the two currently observed sequences, never a population or allele claim.	UNRESOLVED	HOLD as RESERVE: L400 NONDOMINATED and tier 1, no strong specificity concern in any scope and no reason to EXCLUDE. The window stays a biologically defensible candidate and is preserved as a reserve; it does not enter the current shortlist because its recorded OTHER_TRANSCRIPT evidence is more extensive than that of the secondary pair that was advanced. HOLD does not mean unsafe, ineffective or off-target confirmed, and no numeric cutoff was applied.	Daniel Harley	2026-10-08T00:00:00Z	d1c9ea40ccc4b09083f2b107bac4188ab92a6a98dcb00375d92b5658aa2132fc	8d7108f7ed187704a49d7d5b997ff75036a9bed87854a367e6d849fa4d340b7a	0e6ec0804e6f136a4a6dd1cde3a5dbc8c852d1bc508b42cd75b6b066531fa7f5
BC-L400-1196-1595	HOLD	RESERVE	APPROVED	APPROVED	HUMAN_ADJUDICATED_OUTSIDE_ALGORITHM	10 HSPs over 10 subject records, covered_nt 113, longest exact tract 17 nt, no exact 19-nt or 21-nt match. The recorded evidence is equivalent between the two windows of cell C0693 and more extensive than the recorded evidence of BC-L400-1253-1652 and BC-L400-1254-1653; extent of recorded evidence is a comparison between candidates, not a cutoff.	One HSP against GITV01002238.1: longest exact 17 nt, covered_nt 398, best_local_identity about 0.70507, alignment length 434, which exceeds covered_nt by the 36 gaps in the query. The BICC_LIKE vector is identical to that of BC-L400-1195-1594, which is why both windows share cell C0693. Already part of the Pareto comparison and not reapplied as a filter.	tier 1: the window intersects only the observed difference at CDS 1287. Lower counts are preferred without a threshold; this is robustness to the two currently observed sequences, never a population or allele claim.	UNRESOLVED	HOLD as RESERVE: L400 NONDOMINATED and tier 1, no strong specificity concern in any scope and no reason to EXCLUDE. The window stays a biologically defensible candidate and is preserved as a reserve; it does not enter the current shortlist because its recorded OTHER_TRANSCRIPT evidence is more extensive than that of the secondary pair that was advanced. HOLD does not mean unsafe, ineffective or off-target confirmed, and no numeric cutoff was applied.	Daniel Harley	2026-10-08T00:00:00Z	d1c9ea40ccc4b09083f2b107bac4188ab92a6a98dcb00375d92b5658aa2132fc	8d7108f7ed187704a49d7d5b997ff75036a9bed87854a367e6d849fa4d340b7a	0e6ec0804e6f136a4a6dd1cde3a5dbc8c852d1bc508b42cd75b6b066531fa7f5
BC-L400-1253-1652	ADVANCE_TO_SHORTLIST	SECONDARY_REGION_EQUIVALENT_ALTERNATIVE	APPROVED	APPROVED	HUMAN_ADJUDICATED_OUTSIDE_ALGORITHM	8 HSPs over 8 subject records, covered_nt 74, longest exact tract 17 nt, no exact 19-nt or 21-nt match. The recorded evidence is less extensive than that of BC-L400-1195-1594 and BC-L400-1196-1595; this is a comparison between candidates, not a cutoff.	One HSP against GITV01002238.1: longest exact 17 nt, covered_nt 390, best_local_identity about 0.70657, alignment length 426, which exceeds covered_nt by the 36 gaps in the query. Already part of the Pareto comparison and not reapplied as a filter.	tier 1: the window intersects only the observed difference at CDS 1287. Lower counts are preferred without a threshold; this is robustness to the two currently observed sequences, never a population or allele claim.	UNRESOLVED	ADVANCE as a secondary region-equivalent alternative: L400 NONDOMINATED, tier 1, no strong specificity concern in any reviewed scope, and the recorded OTHER_TRANSCRIPT evidence is less extensive than that of the reserve pair. No frozen decision rule declares it superior to BC-L400-1254-1653: the two share 399 of 400 CDS positions, sit in different cells only because their BICC_LIKE vectors differ, and one wins slightly on covered_nt while the other wins slightly on identity, so they are incomparable under the Pareto contract and both are advanced.	Daniel Harley	2026-10-08T00:00:00Z	d1c9ea40ccc4b09083f2b107bac4188ab92a6a98dcb00375d92b5658aa2132fc	8d7108f7ed187704a49d7d5b997ff75036a9bed87854a367e6d849fa4d340b7a	0e6ec0804e6f136a4a6dd1cde3a5dbc8c852d1bc508b42cd75b6b066531fa7f5
BC-L400-1254-1653	ADVANCE_TO_SHORTLIST	SECONDARY_REGION_EQUIVALENT_ALTERNATIVE	APPROVED	APPROVED	HUMAN_ADJUDICATED_OUTSIDE_ALGORITHM	8 HSPs over 8 subject records, covered_nt 74, longest exact tract 17 nt, no exact 19-nt or 21-nt match. The recorded evidence is less extensive than that of BC-L400-1195-1594 and BC-L400-1196-1595; this is a comparison between candidates, not a cutoff.	One HSP against GITV01002238.1: longest exact 17 nt, covered_nt 393, best_local_identity about 0.70629, alignment length 429, which exceeds covered_nt by the 36 gaps in the query. Already part of the Pareto comparison and not reapplied as a filter.	tier 1: the window intersects only the observed difference at CDS 1287. Lower counts are preferred without a threshold; this is robustness to the two currently observed sequences, never a population or allele claim.	UNRESOLVED	ADVANCE as a secondary region-equivalent alternative, on the same reading as BC-L400-1253-1652: L400 NONDOMINATED, tier 1, no strong specificity concern in any reviewed scope. The two windows share 399 of 400 CDS positions and are incomparable under the Pareto contract, each winning on one BICC_LIKE axis, so no frozen rule resolves the trade-off and neither is chosen over the other at this checkpoint.	Daniel Harley	2026-10-08T00:00:00Z	d1c9ea40ccc4b09083f2b107bac4188ab92a6a98dcb00375d92b5658aa2132fc	8d7108f7ed187704a49d7d5b997ff75036a9bed87854a367e6d849fa4d340b7a	0e6ec0804e6f136a4a6dd1cde3a5dbc8c852d1bc508b42cd75b6b066531fa7f5
BC-L400-0991-1390	HOLD	HOLD_FOR_BACKGROUND_INTERPRETABILITY	APPROVED	APPROVED	HUMAN_ADJUDICATED_OUTSIDE_ALGORITHM	13 HSPs over 13 subject records, covered_nt 194. A perfect 73-nt tract against GITV01029469.1 is recorded; it is the full block at CDS 997-1069, which the three other tier-3 windows show truncated as their start advances, so the four windows are not four biologically independent observations. The exact 19-mer and 21-mer counts 55 and 53 are DESCRIPTIVE_ONLY and no cutoff exists for them.	One HSP against GITV01002238.1: longest exact 17 nt, covered_nt 365, best_local_identity about 0.78904, alignment length 365 equal to covered_nt, with no gaps. Already part of the Pareto comparison and not reapplied as a filter.	tier 3: the window intersects the observed differences at CDS 1092, 1120 and 1287. Lower counts are preferred without a threshold; nothing is excluded by the count.	UNRESOLVED	HOLD for background interpretability: L400 NONDOMINATED and tier 3, no strong specificity concern in any scope and no EXCLUDE. The shared exact tract with GITV01029469.1 is one block at CDS 997-1069 seen through four window offsets, and the biological relation of that record to BicC is unresolved, so the evidence is held for qualitative interpretation rather than resolved now. This is not a confirmed off-target, not a strong biological off-target, and no exact-tract or k-mer cutoff was applied.	Daniel Harley	2026-10-08T00:00:00Z	d1c9ea40ccc4b09083f2b107bac4188ab92a6a98dcb00375d92b5658aa2132fc	8d7108f7ed187704a49d7d5b997ff75036a9bed87854a367e6d849fa4d340b7a	0e6ec0804e6f136a4a6dd1cde3a5dbc8c852d1bc508b42cd75b6b066531fa7f5
BC-L400-1012-1411	HOLD	HOLD_FOR_BACKGROUND_INTERPRETABILITY	APPROVED	APPROVED	HUMAN_ADJUDICATED_OUTSIDE_ALGORITHM	14 HSPs over 14 subject records, covered_nt 199. A perfect 58-nt tract against GITV01029469.1 is recorded; it is the same block at CDS 997-1069 truncated by this window start, not an observation independent of the other three tier-3 windows. The exact 19-mer and 21-mer counts 40 and 38 are DESCRIPTIVE_ONLY and no cutoff exists for them.	One HSP against GITV01002238.1: longest exact 17 nt, covered_nt 344, best_local_identity about 0.79070, alignment length 344 equal to covered_nt, with no gaps. Already part of the Pareto comparison and not reapplied as a filter.	tier 3: the window intersects the observed differences at CDS 1092, 1120 and 1287. Lower counts are preferred without a threshold; nothing is excluded by the count.	UNRESOLVED	HOLD for background interpretability: L400 NONDOMINATED and tier 3, no strong specificity concern in any scope and no EXCLUDE. The shared exact tract with GITV01029469.1 is one block at CDS 997-1069 seen through four window offsets, and the biological relation of that record to BicC is unresolved, so the evidence is held for qualitative interpretation rather than resolved now. This is not a confirmed off-target, not a strong biological off-target, and no exact-tract or k-mer cutoff was applied.	Daniel Harley	2026-10-08T00:00:00Z	d1c9ea40ccc4b09083f2b107bac4188ab92a6a98dcb00375d92b5658aa2132fc	8d7108f7ed187704a49d7d5b997ff75036a9bed87854a367e6d849fa4d340b7a	0e6ec0804e6f136a4a6dd1cde3a5dbc8c852d1bc508b42cd75b6b066531fa7f5
BC-L400-1021-1420	HOLD	HOLD_FOR_BACKGROUND_INTERPRETABILITY	APPROVED	APPROVED	HUMAN_ADJUDICATED_OUTSIDE_ALGORITHM	14 HSPs over 14 subject records, covered_nt 190. A perfect 49-nt tract against GITV01029469.1 is recorded; it is the same block at CDS 997-1069 truncated by this window start, not an observation independent of the other three tier-3 windows. The exact 19-mer and 21-mer counts 31 and 29 are DESCRIPTIVE_ONLY and no cutoff exists for them.	One HSP against GITV01002238.1: longest exact 17 nt, covered_nt 335, best_local_identity about 0.79403, alignment length 335 equal to covered_nt, with no gaps. Already part of the Pareto comparison and not reapplied as a filter.	tier 3: the window intersects the observed differences at CDS 1092, 1120 and 1287. Lower counts are preferred without a threshold; nothing is excluded by the count.	UNRESOLVED	HOLD for background interpretability: L400 NONDOMINATED and tier 3, no strong specificity concern in any scope and no EXCLUDE. The shared exact tract with GITV01029469.1 is one block at CDS 997-1069 seen through four window offsets, and the biological relation of that record to BicC is unresolved, so the evidence is held for qualitative interpretation rather than resolved now. This is not a confirmed off-target, not a strong biological off-target, and no exact-tract or k-mer cutoff was applied.	Daniel Harley	2026-10-08T00:00:00Z	d1c9ea40ccc4b09083f2b107bac4188ab92a6a98dcb00375d92b5658aa2132fc	8d7108f7ed187704a49d7d5b997ff75036a9bed87854a367e6d849fa4d340b7a	0e6ec0804e6f136a4a6dd1cde3a5dbc8c852d1bc508b42cd75b6b066531fa7f5
BC-L400-1039-1438	HOLD	HOLD_FOR_BACKGROUND_INTERPRETABILITY	APPROVED	APPROVED	HUMAN_ADJUDICATED_OUTSIDE_ALGORITHM	14 HSPs over 14 subject records, covered_nt 172. A perfect 31-nt tract against GITV01029469.1 is recorded; it is the same block at CDS 997-1069 truncated by this window start, not an observation independent of the other three tier-3 windows. The exact 19-mer and 21-mer counts 13 and 11 are DESCRIPTIVE_ONLY and no cutoff exists for them.	One HSP against GITV01002238.1: longest exact 17 nt, covered_nt 317, best_local_identity about 0.79811, alignment length 317 equal to covered_nt, with no gaps. Already part of the Pareto comparison and not reapplied as a filter.	tier 3: the window intersects the observed differences at CDS 1092, 1120 and 1287. Lower counts are preferred without a threshold; nothing is excluded by the count.	UNRESOLVED	HOLD for background interpretability: L400 NONDOMINATED and tier 3, no strong specificity concern in any scope and no EXCLUDE. The shared exact tract with GITV01029469.1 is one block at CDS 997-1069 seen through four window offsets, and the biological relation of that record to BicC is unresolved, so the evidence is held for qualitative interpretation rather than resolved now. This is not a confirmed off-target, not a strong biological off-target, and no exact-tract or k-mer cutoff was applied.	Daniel Harley	2026-10-08T00:00:00Z	d1c9ea40ccc4b09083f2b107bac4188ab92a6a98dcb00375d92b5658aa2132fc	8d7108f7ed187704a49d7d5b997ff75036a9bed87854a367e6d849fa4d340b7a	0e6ec0804e6f136a4a6dd1cde3a5dbc8c852d1bc508b42cd75b6b066531fa7f5
