record_id	unit	relationship_status	decision	rationale	evidence_source	evidence_sha256	decided_by	decided_utc
GITV01000968.1	KNOWN_BICC_COMPATIBLE	NOT_APPLICABLE	ACCEPTED	Operational BicC reference: NB01 RESOLVED_HIGH_CONFIDENCE, re-derived at CP0 (CDS 65-2401, 778 aa); the targeted BLASTp of its ORF against the BicC protein is 100% identical.	results/bioinformatics/nb03/cp0/bicc_like_followup.tsv	8cdfd70a93178b952c5b907cdb80ea6319d878647205b55e8eba4ed9595a9d47	Daniel Harley	2026-10-08T05:36:17Z
TRINITY_DN24799_c0_g1_i7	KNOWN_BICC_COMPATIBLE	NOT_APPLICABLE	ACCEPTED	Published BicC cDNA: same CDS length as the operational reference, no indel, 7 observed_sequence_differences whose nature is unresolved.	results/bioinformatics/nb03/cp0/reference_summary.json	5404ea3ed0c7e0fb4964616467f0f100cf9c0ce0c256816ed0764b8c41451e94	Daniel Harley	2026-10-08T05:36:17Z
GITV01002238.1	BICC_LIKE	UNRESOLVED	ACCEPTED	BicC-like record found by the CP0 discovery: 85.6% protein identity over 792 aligned aa to BicC and 79.7% nucleotide identity; paralogy, duplication or other relation is not established, so it stays BICC_LIKE and decisional for interpretability.	results/bioinformatics/nb03/cp0/bicc_like_followup.tsv	8cdfd70a93178b952c5b907cdb80ea6319d878647205b55e8eba4ed9595a9d47	Daniel Harley	2026-10-08T05:36:17Z
GITV01008430.1	DSRNASE2	NOT_APPLICABLE	ACCEPTED	NB02 operational dsRNase-2 reference; co-delivered target in the co-feeding strategy (CO_TARGET for interpretability).	data/reference/nb01_dsrnase2_operational_reference.json	4ea481fb747f91ca22fc55fda2ab684884952650ad1cfa31cf3fe268011c9edb	Daniel Harley	2026-10-08T05:36:17Z
GITV01012450.1	DSRNASE2	NOT_APPLICABLE	ACCEPTED	NB02 known dsRNase-2-compatible sibling record.	data/reference/nb01_dsrnase2_operational_reference.json	4ea481fb747f91ca22fc55fda2ab684884952650ad1cfa31cf3fe268011c9edb	Daniel Harley	2026-10-08T05:36:17Z
TRINITY_DN22752_c0_g2_i1	DSRNASE2	NOT_APPLICABLE	ACCEPTED	Published dsRNase-2 cDNA recorded in the NB02 pin.	data/reference/nb01_dsrnase2_operational_reference.json	4ea481fb747f91ca22fc55fda2ab684884952650ad1cfa31cf3fe268011c9edb	Daniel Harley	2026-10-08T05:36:17Z
GITV01001583.1	DSRNASE1	NOT_APPLICABLE	ACCEPTED	dsRNase-1 record of the NB02 frozen units; descriptive only for BicC.	config/nb02_design_criteria.yaml	70b2ae428ce2b3d9daad2495ee761476c8c400e4f54da68cb1dce5059ef46097	Daniel Harley	2026-10-08T05:36:17Z
GITV01002042.1	DSRNASE1	NOT_APPLICABLE	ACCEPTED	dsRNase-1 record of the NB02 frozen units; descriptive only for BicC.	config/nb02_design_criteria.yaml	70b2ae428ce2b3d9daad2495ee761476c8c400e4f54da68cb1dce5059ef46097	Daniel Harley	2026-10-08T05:36:17Z
GITV01003945.1	DSRNASE1	NOT_APPLICABLE	ACCEPTED	dsRNase-1 record of the NB02 frozen units; descriptive only for BicC.	config/nb02_design_criteria.yaml	70b2ae428ce2b3d9daad2495ee761476c8c400e4f54da68cb1dce5059ef46097	Daniel Harley	2026-10-08T05:36:17Z
TRINITY_DN13786_c0_g1_i8	DSRNASE1	NOT_APPLICABLE	ACCEPTED	Published dsRNase-1 cDNA of the NB02 frozen units; descriptive only for BicC.	config/nb02_design_criteria.yaml	70b2ae428ce2b3d9daad2495ee761476c8c400e4f54da68cb1dce5059ef46097	Daniel Harley	2026-10-08T05:36:17Z
TRINITY_DN5008_c0_g1_i24	DSRNASE3	NOT_APPLICABLE	ACCEPTED	Published dsRNase-3 cDNA of the NB02 frozen units; descriptive only for BicC.	config/nb02_design_criteria.yaml	70b2ae428ce2b3d9daad2495ee761476c8c400e4f54da68cb1dce5059ef46097	Daniel Harley	2026-10-08T05:36:17Z
